as seen on,0,0,0
buying judgments,0,0,0
order status,0,3,0
buy direct,3,0,0
shopper,3,0,0
dig up dirt on friends,3,0,0
meet singles,0,0,0
score with babes,3,0,0
additional income,0,0,0
be your own boss,3,0,0
compete for your business,0,0,0
double your,0,3,0
earn per week,0,0,0
home based,0,0,0
income from home,0,0,0
money making,0,0,0
opportunity,0,3,0
while you sleep,3,0,0
expect to earn,0,0,0
home employment,0,0,0
online biz opportunity,0,0,0
potential earnings,0,0,0
work at home,0,0,0
earn extra cash,3,0,0
extra income,3,0,0
homebased business,0,0,0
make money,3,0,0
online degree,0,0,0
university diplomas,3,0,0
work from home,0,0,0
beneficiary,3,0,0
cash,0,3,0
cents on the dollar,3,0,0
claims,0,0,0
cost,0,3,0
discount,0,3,0
free ,0,3,0
f r e e,3,0,0
hidden assets,3,0,0
incredible deal,0,0,0
loans,0,3,0
money,0,0,0
mortgage rates,0,0,0
one hundred percent,3,0,0
price,0,0,0
quote,0,0,0
save big money,3,0,0
subject to credit,0,0,0
unsecured debt,3,0,0
affordable,0,0,0
best price,0,0,0
cash bonus,3,0,0
cheap,0,3,0
collect,0,0,0
credit,0,0,0
earn,0,0,0
fast cash,3,0,0
hidden charges,0,0,0
insurance ,0,3,0
lowest price,0,0,0
money back,3,0,0
no cost,0,0,0
profits,0,0,0
refinance,3,0,0
no refund,0,0,0
bargain,0,0,0
big bucks,3,0,0
cashcashcash,5,0,0
compare rates,0,0,0
credit bureaus,0,0,0
easy terms,0,0,0
for just,0,3,0
income,0,0,0
investment,0,0,0
million dollars,3,0,0
million pounds,3,0,0
mortgage,0,0,0
no fees,3,0,0
pennies a day,3,0,0
pure profit,3,0,0
serous cash,3,0,0
unsecured credit,0,0,0
why pay more,0,0,0
credit card,0,0,0
stock alert,0,0,0
credit check,0,0,0
full refund,0,0,0
bankruptcy,3,0,0
eliminate debt,3,0,0
get paid,3,0,0
calling creditors,3,0,0
financially independent,3,0,0
lower interest rate,0,0,0
acceptance,0,0,0
chance,0,0,0
leave,0,0,0
maintained,0,0,0
never,0,0,0
satisfaction,0,0,0
success,0,0,0
dormant,0,0,0
hidden,0,0,0
lifetime,0,0,0
passwords,0,0,0
